EPOCH_TIME,TOTAL,DISINFECTED
1614093855.1285646,1,0
1614093859.1026998,2,0
1614093859.2099125,2,1
1614093960.816197,1,0
1614093964.83372,1,1
1614093966.0647216,2,1
1614093979.7217224,3,1
1614093989.5847893,4,1
1614094132.2525954,1,0
1614094136.2218978,1,1
1614094137.1338925,2,1
1614094149.4981413,3,1
1614094157.8326306,4,1
1614094196.412583,1,0
1614094200.3138707,1,1
1614094201.4979103,2,1
1614094213.348634,3,1
1614094221.718197,4,1
1614097353.4131157,1,0
1614097359.8091156,1,1
